PHASE 4: FOLDER REDESIGN,Unnamed: 1,Unnamed: 2,Unnamed: 3,Unnamed: 4
Folder Path,Folder Name,Depth Level,Parent Folder,
"/content/dam/s-vid/fi, (crxde, html, json)",fi,2,/content/dam/s-vid,"/content/dam/s-vid/fi, (crxde, html, json)"
"/content/dam/s-vid/am, (crxde, html, json)",am,2,/content/dam/s-vid,"/content/dam/s-vid/am, (crxde, html, json)"
"/content/dam/s-vid/ia, (crxde, html, json)",ia,2,/content/dam/s-vid,"/content/dam/s-vid/ia, (crxde, html, json)"
"/content/dam/s-vid/il, (crxde, html, json)",il,2,/content/dam/s-vid,"/content/dam/s-vid/il, (crxde, html, json)"
"/content/dam/s-vid/bd, (crxde, html, json)",bd,2,/content/dam/s-vid,"/content/dam/s-vid/bd, (crxde, html, json)"
"/content/dam/s-vid/grp, (crxde, html, json)",grp,2,/content/dam/s-vid,"/content/dam/s-vid/grp, (crxde, html, json)"
"/content/dam/s-vid/sf, (crxde, html, json)",sf,2,/content/dam/s-vid,"/content/dam/s-vid/sf, (crxde, html, json)"
"/content/dam/s-vid/rs, (crxde, html, json)",rs,2,/content/dam/s-vid,"/content/dam/s-vid/rs, (crxde, html, json)"
"/content/dam/s-vid/aff, (crxde, html, json)",aff,2,/content/dam/s-vid,"/content/dam/s-vid/aff, (crxde, html, json)"
"/content/dam/s-vid, (crxde, html, json)",s-vid,1,/content/dam,"/content/dam/s-vid, (crxde, html, json)"
"/content/dam/_CSS/securian_video, (crxde, html, json)",securian_video,2,/content/dam/_CSS,"/content/dam/_CSS/securian_video, (crxde, html, json)"
"/content/dam/_CSS/securian_email_link_share, (crxde, html, json)",securian_email_link_share,2,/content/dam/_CSS,"/content/dam/_CSS/securian_email_link_share, (crxde, html, json)"
"/content/dam/_CSS/_OOTB, (crxde, html, json)",_OOTB,2,/content/dam/_CSS,"/content/dam/_CSS/_OOTB, (crxde, html, json)"
"/content/dam/_CSS/securian_social_share, (crxde, html, json)",securian_social_share,2,/content/dam/_CSS,"/content/dam/_CSS/securian_social_share, (crxde, html, json)"
"/content/dam/_CSS, (crxde, html, json)",_CSS,1,/content/dam,"/content/dam/_CSS, (crxde, html, json)"
"/content/dam/_DMSAMPLE/dynamicmedia-interactive-video-product, (crxde, html, json)",dynamicmedia-interactive-video-product,2,/content/dam/_DMSAMPLE,"/content/dam/_DMSAMPLE/dynamicmedia-interactive-video-product, (crxde, html, json)"
"/content/dam/_DMSAMPLE/dynamicimageset-assets, (crxde, html, json)",dynamicimageset-assets,2,/content/dam/_DMSAMPLE,"/content/dam/_DMSAMPLE/dynamicimageset-assets, (crxde, html, json)"
"/content/dam/_DMSAMPLE/dynamicspinset-assets, (crxde, html, json)",dynamicspinset-assets,2,/content/dam/_DMSAMPLE,"/content/dam/_DMSAMPLE/dynamicspinset-assets, (crxde, html, json)"
"/content/dam/_DMSAMPLE/carouselsample-assets, (crxde, html, json)",carouselsample-assets,2,/content/dam/_DMSAMPLE,"/content/dam/_DMSAMPLE/carouselsample-assets, (crxde, html, json)"
"/content/dam/s-doc/fi, (crxde, html, json)",fi,2,/content/dam/s-doc,"/content/dam/s-doc/fi, (crxde, html, json)"
"/content/dam/s-doc/am, (crxde, html, json)",am,2,/content/dam/s-doc,"/content/dam/s-doc/am, (crxde, html, json)"
"/content/dam/s-doc/ia, (crxde, html, json)",ia,2,/content/dam/s-doc,"/content/dam/s-doc/ia, (crxde, html, json)"
"/content/dam/s-doc/il, (crxde, html, json)",il,2,/content/dam/s-doc,"/content/dam/s-doc/il, (crxde, html, json)"
"/content/dam/s-doc/bd, (crxde, html, json)",bd,2,/content/dam/s-doc,"/content/dam/s-doc/bd, (crxde, html, json)"
"/content/dam/s-doc/grp, (crxde, html, json)",grp,2,/content/dam/s-doc,"/content/dam/s-doc/grp, (crxde, html, json)"
"/content/dam/s-doc/sf/tech, (crxde, html, json)",tech,3,/content/dam/s-doc/sf,"/content/dam/s-doc/sf/tech, (crxde, html, json)"
"/content/dam/s-doc/sf/v2020, (crxde, html, json)",v2020,3,/content/dam/s-doc/sf,"/content/dam/s-doc/sf/v2020, (crxde, html, json)"
"/content/dam/s-doc/sf, (crxde, html, json)",sf,2,/content/dam/s-doc,"/content/dam/s-doc/sf, (crxde, html, json)"
"/content/dam/s-doc/rs, (crxde, html, json)",rs,2,/content/dam/s-doc,"/content/dam/s-doc/rs, (crxde, html, json)"
"/content/dam/s-doc, (crxde, html, json)",s-doc,1,/content/dam,"/content/dam/s-doc, (crxde, html, json)"
"/content/dam/form/fi, (crxde, html, json)",fi,2,/content/dam/form,"/content/dam/form/fi, (crxde, html, json)"
"/content/dam/form/am, (crxde, html, json)",am,2,/content/dam/form,"/content/dam/form/am, (crxde, html, json)"
"/content/dam/form/ia, (crxde, html, json)",ia,2,/content/dam/form,"/content/dam/form/ia, (crxde, html, json)"
"/content/dam/form/il, (crxde, html, json)",il,2,/content/dam/form,"/content/dam/form/il, (crxde, html, json)"
"/content/dam/form/bd, (crxde, html, json)",bd,2,/content/dam/form,"/content/dam/form/bd, (crxde, html, json)"
"/content/dam/form/grp, (crxde, html, json)",grp,2,/content/dam/form,"/content/dam/form/grp, (crxde, html, json)"
"/content/dam/form/oc, (crxde, html, json)",oc,2,/content/dam/form,"/content/dam/form/oc, (crxde, html, json)"
"/content/dam/form/sf, (crxde, html, json)",sf,2,/content/dam/form,"/content/dam/form/sf, (crxde, html, json)"
"/content/dam/form/rs, (crxde, html, json)",rs,2,/content/dam/form,"/content/dam/form/rs, (crxde, html, json)"
"/content/dam/form, (crxde, html, json)",form,1,/content/dam,"/content/dam/form, (crxde, html, json)"
"/content/dam/s-frag/ia, (crxde, html, json)",ia,2,/content/dam/s-frag,"/content/dam/s-frag/ia, (crxde, html, json)"
"/content/dam/s-frag/il, (crxde, html, json)",il,2,/content/dam/s-frag,"/content/dam/s-frag/il, (crxde, html, json)"
"/content/dam/s-frag/advisor-wholesaler-contacts/il/jcr:content/metadata/Iptc4xmpCore:CreatorContactInfo, (crxde, html, json)",Iptc4xmpCore:CreatorContactInfo,6,/content/dam/s-frag/advisor-wholesaler-contacts/il/jcr:content/metadata,"/content/dam/s-frag/advisor-wholesaler-contacts/il/jcr:content/metadata/Iptc4xmpCore:CreatorContactInfo, (crxde, html, json)"
"/content/dam/s-frag/advisor-wholesaler-contacts/il/jcr:content/metadata, (crxde, html, json)",metadata,5,/content/dam/s-frag/advisor-wholesaler-contacts/il/jcr:content,"/content/dam/s-frag/advisor-wholesaler-contacts/il/jcr:content/metadata, (crxde, html, json)"
"/content/dam/s-frag/advisor-wholesaler-contacts/il/jcr:content, (crxde, html, json)",jcr:content,4,/content/dam/s-frag/advisor-wholesaler-contacts/il,"/content/dam/s-frag/advisor-wholesaler-contacts/il/jcr:content, (crxde, html, json)"
"/content/dam/s-frag/advisor-wholesaler-contacts/il, (crxde, html, json)",il,3,/content/dam/s-frag/advisor-wholesaler-contacts,"/content/dam/s-frag/advisor-wholesaler-contacts/il, (crxde, html, json)"
"/content/dam/s-frag/calendar/ia, (crxde, html, json)",ia,3,/content/dam/s-frag/calendar,"/content/dam/s-frag/calendar/ia, (crxde, html, json)"
"/content/dam/s-frag/calendar/il, (crxde, html, json)",il,3,/content/dam/s-frag/calendar,"/content/dam/s-frag/calendar/il, (crxde, html, json)"
"/content/dam/s-frag/calendar/bd, (crxde, html, json)",bd,3,/content/dam/s-frag/calendar,"/content/dam/s-frag/calendar/bd, (crxde, html, json)"
"/content/dam/s-frag/calendar/rs, (crxde, html, json)",rs,3,/content/dam/s-frag/calendar,"/content/dam/s-frag/calendar/rs, (crxde, html, json)"
"/content/dam/s-frag/calendar, (crxde, html, json)",calendar,2,/content/dam/s-frag,"/content/dam/s-frag/calendar, (crxde, html, json)"
"/content/dam/s-frag/rs, (crxde, html, json)",rs,2,/content/dam/s-frag,"/content/dam/s-frag/rs, (crxde, html, json)"
"/content/dam/s-frag, (crxde, html, json)",s-frag,1,/content/dam,"/content/dam/s-frag, (crxde, html, json)"
"/content/dam/formsanddocuments, (crxde, html, json)",formsanddocuments,1,/content/dam,"/content/dam/formsanddocuments, (crxde, html, json)"
"/content/dam/s-form/fi, (crxde, html, json)",fi,2,/content/dam/s-form,"/content/dam/s-form/fi, (crxde, html, json)"
"/content/dam/s-form/am, (crxde, html, json)",am,2,/content/dam/s-form,"/content/dam/s-form/am, (crxde, html, json)"
"/content/dam/s-form/ia, (crxde, html, json)",ia,2,/content/dam/s-form,"/content/dam/s-form/ia, (crxde, html, json)"
"/content/dam/s-form/il, (crxde, html, json)",il,2,/content/dam/s-form,"/content/dam/s-form/il, (crxde, html, json)"
"/content/dam/s-form/bd, (crxde, html, json)",bd,2,/content/dam/s-form,"/content/dam/s-form/bd, (crxde, html, json)"
"/content/dam/s-form/grp, (crxde, html, json)",grp,2,/content/dam/s-form,"/content/dam/s-form/grp, (crxde, html, json)"
"/content/dam/s-form/sf, (crxde, html, json)",sf,2,/content/dam/s-form,"/content/dam/s-form/sf, (crxde, html, json)"
"/content/dam/s-form/rs, (crxde, html, json)",rs,2,/content/dam/s-form,"/content/dam/s-form/rs, (crxde, html, json)"
"/content/dam/s-form, (crxde, html, json)",s-form,1,/content/dam,"/content/dam/s-form, (crxde, html, json)"
"/content/dam/doc/fi, (crxde, html, json)",fi,2,/content/dam/doc,"/content/dam/doc/fi, (crxde, html, json)"
"/content/dam/doc/am, (crxde, html, json)",am,2,/content/dam/doc,"/content/dam/doc/am, (crxde, html, json)"
"/content/dam/doc/ia, (crxde, html, json)",ia,2,/content/dam/doc,"/content/dam/doc/ia, (crxde, html, json)"
"/content/dam/doc/il, (crxde, html, json)",il,2,/content/dam/doc,"/content/dam/doc/il, (crxde, html, json)"
"/content/dam/doc/bd, (crxde, html, json)",bd,2,/content/dam/doc,"/content/dam/doc/bd, (crxde, html, json)"
"/content/dam/doc/grp, (crxde, html, json)",grp,2,/content/dam/doc,"/content/dam/doc/grp, (crxde, html, json)"
"/content/dam/doc/sf, (crxde, html, json)",sf,2,/content/dam/doc,"/content/dam/doc/sf, (crxde, html, json)"
"/content/dam/doc/highspot-user-testing, (crxde, html, json)",highspot-user-testing,2,/content/dam/doc,"/content/dam/doc/highspot-user-testing, (crxde, html, json)"
"/content/dam/doc/rs, (crxde, html, json)",rs,2,/content/dam/doc,"/content/dam/doc/rs, (crxde, html, json)"
"/content/dam/doc, (crxde, html, json)",doc,1,/content/dam,"/content/dam/doc, (crxde, html, json)"
"/content/dam/_VTT/securian/creative-assets/video/animation, (crxde, html, json)",animation,5,/content/dam/_VTT/securian/creative-assets/video,"/content/dam/_VTT/securian/creative-assets/video/animation, (crxde, html, json)"
"/content/dam/_VTT/securian/creative-assets/video, (crxde, html, json)",video,4,/content/dam/_VTT/securian/creative-assets,"/content/dam/_VTT/securian/creative-assets/video, (crxde, html, json)"
"/content/dam/_VTT/securian/creative-assets, (crxde, html, json)",creative-assets,3,/content/dam/_VTT/securian,"/content/dam/_VTT/securian/creative-assets, (crxde, html, json)"
"/content/dam/_VTT/securian/web-assets/video/employers, (crxde, html, json)",employers,5,/content/dam/_VTT/securian/web-assets/video,"/content/dam/_VTT/securian/web-assets/video/employers, (crxde, html, json)"
"/content/dam/_VTT/securian/web-assets/video, (crxde, html, json)",video,4,/content/dam/_VTT/securian/web-assets,"/content/dam/_VTT/securian/web-assets/video, (crxde, html, json)"
"/content/dam/_VTT/securian/web-assets, (crxde, html, json)",web-assets,3,/content/dam/_VTT/securian,"/content/dam/_VTT/securian/web-assets, (crxde, html, json)"
"/content/dam/_VTT/securian, (crxde, html, json)",securian,2,/content/dam/_VTT,"/content/dam/_VTT/securian, (crxde, html, json)"
"/content/dam/_VTT/int/vid, (crxde, html, json)",vid,3,/content/dam/_VTT/int,"/content/dam/_VTT/int/vid, (crxde, html, json)"
"/content/dam/_VTT/int, (crxde, html, json)",int,2,/content/dam/_VTT,"/content/dam/_VTT/int, (crxde, html, json)"
"/content/dam/_VTT/video/sf, (crxde, html, json)",sf,3,/content/dam/_VTT/video,"/content/dam/_VTT/video/sf, (crxde, html, json)"
"/content/dam/_VTT/video, (crxde, html, json)",video,2,/content/dam/_VTT,"/content/dam/_VTT/video, (crxde, html, json)"
"/content/dam/_VTT, (crxde, html, json)",_VTT,1,/content/dam,"/content/dam/_VTT, (crxde, html, json)"
"/content/dam/int/form/supervisor, (crxde, html, json)",supervisor,3,/content/dam/int/form,"/content/dam/int/form/supervisor, (crxde, html, json)"
"/content/dam/int/form, (crxde, html, json)",form,2,/content/dam/int,"/content/dam/int/form, (crxde, html, json)"
"/content/dam/int/vid, (crxde, html, json)",vid,2,/content/dam/int,"/content/dam/int/vid, (crxde, html, json)"
"/content/dam/int/doc/supervisor, (crxde, html, json)",supervisor,3,/content/dam/int/doc,"/content/dam/int/doc/supervisor, (crxde, html, json)"
"/content/dam/int/doc, (crxde, html, json)",doc,2,/content/dam/int,"/content/dam/int/doc, (crxde, html, json)"
"/content/dam/int/reg, (crxde, html, json)",reg,2,/content/dam/int,"/content/dam/int/reg, (crxde, html, json)"
"/content/dam/int, (crxde, html, json)",int,1,/content/dam,"/content/dam/int, (crxde, html, json)"
"/content/dam/s-reg/comp, (crxde, html, json)",comp,2,/content/dam/s-reg,"/content/dam/s-reg/comp, (crxde, html, json)"
"/content/dam/s-reg/inv/inv-ops, (crxde, html, json)",inv-ops,3,/content/dam/s-reg/inv,"/content/dam/s-reg/inv/inv-ops, (crxde, html, json)"
"/content/dam/s-reg/inv/morningstar, (crxde, html, json)",morningstar,3,/content/dam/s-reg/inv,"/content/dam/s-reg/inv/morningstar, (crxde, html, json)"
"/content/dam/s-reg/inv/irg, (crxde, html, json)",irg,3,/content/dam/s-reg/inv,"/content/dam/s-reg/inv/irg, (crxde, html, json)"
"/content/dam/s-reg/inv, (crxde, html, json)",inv,2,/content/dam/s-reg,"/content/dam/s-reg/inv, (crxde, html, json)"
"/content/dam/s-reg, (crxde, html, json)",s-reg,1,/content/dam,"/content/dam/s-reg, (crxde, html, json)"
"/content/dam/reg/performance-reports, (crxde, html, json)",performance-reports,2,/content/dam/reg,"/content/dam/reg/performance-reports, (crxde, html, json)"
"/content/dam/reg/prospectus/fd, (crxde, html, json)",fd,3,/content/dam/reg/prospectus,"/content/dam/reg/prospectus/fd, (crxde, html, json)"
"/content/dam/reg/prospectus/sum, (crxde, html, json)",sum,3,/content/dam/reg/prospectus,"/content/dam/reg/prospectus/sum, (crxde, html, json)"
"/content/dam/reg/prospectus/sai, (crxde, html, json)",sai,3,/content/dam/reg/prospectus,"/content/dam/reg/prospectus/sai, (crxde, html, json)"
"/content/dam/reg/prospectus/ar, (crxde, html, json)",ar,3,/content/dam/reg/prospectus,"/content/dam/reg/prospectus/ar, (crxde, html, json)"
"/content/dam/reg/prospectus/cs, (crxde, html, json)",cs,3,/content/dam/reg/prospectus,"/content/dam/reg/prospectus/cs, (crxde, html, json)"
"/content/dam/reg/prospectus/sup, (crxde, html, json)",sup,3,/content/dam/reg/prospectus,"/content/dam/reg/prospectus/sup, (crxde, html, json)"
"/content/dam/reg/prospectus/prd, (crxde, html, json)",prd,3,/content/dam/reg/prospectus,"/content/dam/reg/prospectus/prd, (crxde, html, json)"
"/content/dam/reg/prospectus, (crxde, html, json)",prospectus,2,/content/dam/reg,"/content/dam/reg/prospectus, (crxde, html, json)"
"/content/dam/reg/inv, (crxde, html, json)",inv,2,/content/dam/reg,"/content/dam/reg/inv, (crxde, html, json)"
"/content/dam/reg/lic, (crxde, html, json)",lic,2,/content/dam/reg,"/content/dam/reg/lic, (crxde, html, json)"
"/content/dam/reg/crt, (crxde, html, json)",crt,2,/content/dam/reg,"/content/dam/reg/crt, (crxde, html, json)"
"/content/dam/reg, (crxde, html, json)",reg,1,/content/dam,"/content/dam/reg, (crxde, html, json)"
"/content/dam/creative-assets/a-pic/a-ip, (crxde, html, json)",a-ip,3,/content/dam/creative-assets/a-pic,"/content/dam/creative-assets/a-pic/a-ip, (crxde, html, json)"
"/content/dam/creative-assets/a-pic/a-mp, (crxde, html, json)",a-mp,3,/content/dam/creative-assets/a-pic,"/content/dam/creative-assets/a-pic/a-mp, (crxde, html, json)"
"/content/dam/creative-assets/a-pic/a-hp, (crxde, html, json)",a-hp,3,/content/dam/creative-assets/a-pic,"/content/dam/creative-assets/a-pic/a-hp, (crxde, html, json)"
"/content/dam/creative-assets/a-pic/a-bio, (crxde, html, json)",a-bio,3,/content/dam/creative-assets/a-pic,"/content/dam/creative-assets/a-pic/a-bio, (crxde, html, json)"
"/content/dam/creative-assets/a-pic/a-event, (crxde, html, json)",a-event,3,/content/dam/creative-assets/a-pic,"/content/dam/creative-assets/a-pic/a-event, (crxde, html, json)"
"/content/dam/creative-assets/a-pic/a-ap, (crxde, html, json)",a-ap,3,/content/dam/creative-assets/a-pic,"/content/dam/creative-assets/a-pic/a-ap, (crxde, html, json)"
"/content/dam/creative-assets/a-pic, (crxde, html, json)",a-pic,2,/content/dam/creative-assets,"/content/dam/creative-assets/a-pic, (crxde, html, json)"
"/content/dam/creative-assets/templates/illustrator, (crxde, html, json)",illustrator,3,/content/dam/creative-assets/templates,"/content/dam/creative-assets/templates/illustrator, (crxde, html, json)"
"/content/dam/creative-assets/templates/photoshop/dp, (crxde, html, json)",dp,4,/content/dam/creative-assets/templates/photoshop,"/content/dam/creative-assets/templates/photoshop/dp, (crxde, html, json)"
"/content/dam/creative-assets/templates/photoshop/email, (crxde, html, json)",email,4,/content/dam/creative-assets/templates/photoshop,"/content/dam/creative-assets/templates/photoshop/email, (crxde, html, json)"
"/content/dam/creative-assets/img/brand/pattern, (crxde, html, json)",pattern,4,/content/dam/creative-assets/img/brand,"/content/dam/creative-assets/img/brand/pattern, (crxde, html, json)"
"/content/dam/creative-assets/img/brand/logo, (crxde, html, json)",logo,4,/content/dam/creative-assets/img/brand,"/content/dam/creative-assets/img/brand/logo, (crxde, html, json)"
"/content/dam/creative-assets/img/brand/app, (crxde, html, json)",app,4,/content/dam/creative-assets/img/brand,"/content/dam/creative-assets/img/brand/app, (crxde, html, json)"
"/content/dam/creative-assets/img/brand/ads, (crxde, html, json)",ads,4,/content/dam/creative-assets/img/brand,"/content/dam/creative-assets/img/brand/ads, (crxde, html, json)"
"/content/dam/creative-assets/img/brand/e-sig, (crxde, html, json)",e-sig,4,/content/dam/creative-assets/img/brand,"/content/dam/creative-assets/img/brand/e-sig, (crxde, html, json)"
"/content/dam/creative-assets/img/brand/avatar, (crxde, html, json)",avatar,4,/content/dam/creative-assets/img/brand,"/content/dam/creative-assets/img/brand/avatar, (crxde, html, json)"
"/content/dam/creative-assets/img/brand/icons, (crxde, html, json)",icons,4,/content/dam/creative-assets/img/brand,"/content/dam/creative-assets/img/brand/icons, (crxde, html, json)"
"/content/dam/creative-assets/img/brand/tp-logo, (crxde, html, json)",tp-logo,4,/content/dam/creative-assets/img/brand,"/content/dam/creative-assets/img/brand/tp-logo, (crxde, html, json)"
"/content/dam/creative-assets/img/brand, (crxde, html, json)",brand,3,/content/dam/creative-assets/img,"/content/dam/creative-assets/img/brand, (crxde, html, json)"
"/content/dam/creative-assets/img/dp/cta/sp, (crxde, html, json)",sp,5,/content/dam/creative-assets/img/dp/cta,"/content/dam/creative-assets/img/dp/cta/sp, (crxde, html, json)"
"/content/dam/creative-assets/img/dp/cta/news, (crxde, html, json)",news,5,/content/dam/creative-assets/img/dp/cta,"/content/dam/creative-assets/img/dp/cta/news, (crxde, html, json)"
"/content/dam/creative-assets/img/dp/cta/icb, (crxde, html, json)",icb,5,/content/dam/creative-assets/img/dp/cta,"/content/dam/creative-assets/img/dp/cta/icb, (crxde, html, json)"
"/content/dam/creative-assets/img/dp/cta, (crxde, html, json)",cta,4,/content/dam/creative-assets/img/dp,"/content/dam/creative-assets/img/dp/cta, (crxde, html, json)"
"/content/dam/creative-assets/img/dp/cg/icbox, (crxde, html, json)",icbox,5,/content/dam/creative-assets/img/dp/cg,"/content/dam/creative-assets/img/dp/cg/icbox, (crxde, html, json)"
"/content/dam/creative-assets/img/dp/cg/ch, (crxde, html, json)",ch,5,/content/dam/creative-assets/img/dp/cg,"/content/dam/creative-assets/img/dp/cg/ch, (crxde, html, json)"
"/content/dam/creative-assets/img/dp/cg/ig, (crxde, html, json)",ig,5,/content/dam/creative-assets/img/dp/cg,"/content/dam/creative-assets/img/dp/cg/ig, (crxde, html, json)"
"/content/dam/creative-assets/img/dp/cg/dw, (crxde, html, json)",dw,5,/content/dam/creative-assets/img/dp/cg,"/content/dam/creative-assets/img/dp/cg/dw, (crxde, html, json)"
"/content/dam/creative-assets/img/dp/cg/ss, (crxde, html, json)",ss,5,/content/dam/creative-assets/img/dp/cg,"/content/dam/creative-assets/img/dp/cg/ss, (crxde, html, json)"
"/content/dam/creative-assets/img/dp/cg, (crxde, html, json)",cg,4,/content/dam/creative-assets/img/dp,"/content/dam/creative-assets/img/dp/cg, (crxde, html, json)"
"/content/dam/creative-assets/img/dp/hero/news, (crxde, html, json)",news,5,/content/dam/creative-assets/img/dp/hero,"/content/dam/creative-assets/img/dp/hero/news, (crxde, html, json)"
"/content/dam/creative-assets/img/dp/hero/reg, (crxde, html, json)",reg,5,/content/dam/creative-assets/img/dp/hero,"/content/dam/creative-assets/img/dp/hero/reg, (crxde, html, json)"
"/content/dam/creative-assets/img/dp/hero, (crxde, html, json)",hero,4,/content/dam/creative-assets/img/dp,"/content/dam/creative-assets/img/dp/hero, (crxde, html, json)"
"/content/dam/creative-assets/img/dp, (crxde, html, json)",dp,3,/content/dam/creative-assets/img,"/content/dam/creative-assets/img/dp, (crxde, html, json)"
"/content/dam/creative-assets/img/pic/event, (crxde, html, json)",event,4,/content/dam/creative-assets/img/pic,"/content/dam/creative-assets/img/pic/event, (crxde, html, json)"
"/content/dam/creative-assets/img/pic/bio, (crxde, html, json)",bio,4,/content/dam/creative-assets/img/pic,"/content/dam/creative-assets/img/pic/bio, (crxde, html, json)"
"/content/dam/creative-assets/img/pic/hp, (crxde, html, json)",hp,4,/content/dam/creative-assets/img/pic,"/content/dam/creative-assets/img/pic/hp, (crxde, html, json)"
"/content/dam/creative-assets/img/pic/mp, (crxde, html, json)",mp,4,/content/dam/creative-assets/img/pic,"/content/dam/creative-assets/img/pic/mp, (crxde, html, json)"
"/content/dam/creative-assets/img/pic/ip, (crxde, html, json)",ip,4,/content/dam/creative-assets/img/pic,"/content/dam/creative-assets/img/pic/ip, (crxde, html, json)"
"/content/dam/creative-assets/img/pic/release, (crxde, html, json)",release,4,/content/dam/creative-assets/img/pic,"/content/dam/creative-assets/img/pic/release, (crxde, html, json)"
"/content/dam/creative-assets/img/pic/ap, (crxde, html, json)",ap,4,/content/dam/creative-assets/img/pic,"/content/dam/creative-assets/img/pic/ap, (crxde, html, json)"
"/content/dam/creative-assets/img/pic, (crxde, html, json)",pic,3,/content/dam/creative-assets/img,"/content/dam/creative-assets/img/pic, (crxde, html, json)"
"/content/dam/creative-assets/img/social/lic, (crxde, html, json)",lic,4,/content/dam/creative-assets/img/social,"/content/dam/creative-assets/img/social/lic, (crxde, html, json)"
"/content/dam/creative-assets/img/social, (crxde, html, json)",social,3,/content/dam/creative-assets/img,"/content/dam/creative-assets/img/social, (crxde, html, json)"
"/content/dam/creative-assets/img/email/cta/sp, (crxde, html, json)",sp,5,/content/dam/creative-assets/img/email/cta,"/content/dam/creative-assets/img/email/cta/sp, (crxde, html, json)"
"/content/dam/creative-assets/img/email/cta/news, (crxde, html, json)",news,5,/content/dam/creative-assets/img/email/cta,"/content/dam/creative-assets/img/email/cta/news, (crxde, html, json)"
"/content/dam/creative-assets/img/email/cta, (crxde, html, json)",cta,4,/content/dam/creative-assets/img/email,"/content/dam/creative-assets/img/email/cta, (crxde, html, json)"
"/content/dam/creative-assets/img/email/cg/ig, (crxde, html, json)",ig,5,/content/dam/creative-assets/img/email/cg,"/content/dam/creative-assets/img/email/cg/ig, (crxde, html, json)"
"/content/dam/creative-assets/img/email/cg/chart, (crxde, html, json)",chart,5,/content/dam/creative-assets/img/email/cg,"/content/dam/creative-assets/img/email/cg/chart, (crxde, html, json)"
"/content/dam/creative-assets/img/email/cg, (crxde, html, json)",cg,4,/content/dam/creative-assets/img/email,"/content/dam/creative-assets/img/email/cg, (crxde, html, json)"
"/content/dam/creative-assets/img/email/icon, (crxde, html, json)",icon,4,/content/dam/creative-assets/img/email,"/content/dam/creative-assets/img/email/icon, (crxde, html, json)"
"/content/dam/creative-assets/img/email/hero, (crxde, html, json)",hero,4,/content/dam/creative-assets/img/email,"/content/dam/creative-assets/img/email/hero, (crxde, html, json)"
"/content/dam/creative-assets/img/email, (crxde, html, json)",email,3,/content/dam/creative-assets/img,"/content/dam/creative-assets/img/email, (crxde, html, json)"
"/content/dam/creative-assets/img/pres, (crxde, html, json)",pres,3,/content/dam/creative-assets/img,"/content/dam/creative-assets/img/pres, (crxde, html, json)"
"/content/dam/creative-assets/img, (crxde, html, json)",img,2,/content/dam/creative-assets,"/content/dam/creative-assets/img, (crxde, html, json)"
"/content/dam/creative-assets, (crxde, html, json)",creative-assets,1,/content/dam,"/content/dam/creative-assets, (crxde, html, json)"
"/content/dam/templates/brand, (crxde, html, json)",brand,2,/content/dam/templates,"/content/dam/templates/brand, (crxde, html, json)"
"/content/dam/formsanddocuments-themes, (crxde, html, json)",formsanddocuments-themes,1,/content/dam,"/content/dam/formsanddocuments-themes, (crxde, html, json)"
"/content/dam/video/fi, (crxde, html, json)",fi,2,/content/dam/video,"/content/dam/video/fi, (crxde, html, json)"
"/content/dam/video/am, (crxde, html, json)",am,2,/content/dam/video,"/content/dam/video/am, (crxde, html, json)"
"/content/dam/video/ia, (crxde, html, json)",ia,2,/content/dam/video,"/content/dam/video/ia, (crxde, html, json)"
"/content/dam/video/il, (crxde, html, json)",il,2,/content/dam/video,"/content/dam/video/il, (crxde, html, json)"
"/content/dam/video/bd, (crxde, html, json)",bd,2,/content/dam/video,"/content/dam/video/bd, (crxde, html, json)"
"/content/dam/video/grp, (crxde, html, json)",grp,2,/content/dam/video,"/content/dam/video/grp, (crxde, html, json)"
"/content/dam/video/sf, (crxde, html, json)",sf,2,/content/dam/video,"/content/dam/video/sf, (crxde, html, json)"
"/content/dam/video/rs, (crxde, html, json)",rs,2,/content/dam/video,"/content/dam/video/rs, (crxde, html, json)"
"/content/dam/video/aff, (crxde, html, json)",aff,2,/content/dam/video,"/content/dam/video/aff, (crxde, html, json)"
"/content/dam/video, (crxde, html, json)",video,1,/content/dam,"/content/dam/video, (crxde, html, json)"
"/content/dam/img/brand/pattern, (crxde, html, json)",pattern,3,/content/dam/img/brand,"/content/dam/img/brand/pattern, (crxde, html, json)"
"/content/dam/img/brand/logo, (crxde, html, json)",logo,3,/content/dam/img/brand,"/content/dam/img/brand/logo, (crxde, html, json)"
"/content/dam/img/brand/app, (crxde, html, json)",app,3,/content/dam/img/brand,"/content/dam/img/brand/app, (crxde, html, json)"
"/content/dam/img/brand/ads, (crxde, html, json)",ads,3,/content/dam/img/brand,"/content/dam/img/brand/ads, (crxde, html, json)"
"/content/dam/img/brand/e-sig, (crxde, html, json)",e-sig,3,/content/dam/img/brand,"/content/dam/img/brand/e-sig, (crxde, html, json)"
"/content/dam/img/brand/avatar, (crxde, html, json)",avatar,3,/content/dam/img/brand,"/content/dam/img/brand/avatar, (crxde, html, json)"
"/content/dam/img/brand/tp-logo, (crxde, html, json)",tp-logo,3,/content/dam/img/brand,"/content/dam/img/brand/tp-logo, (crxde, html, json)"
"/content/dam/img/brand, (crxde, html, json)",brand,2,/content/dam/img,"/content/dam/img/brand, (crxde, html, json)"
"/content/dam/img/dp/cta/sb, (crxde, html, json)",sb,4,/content/dam/img/dp/cta,"/content/dam/img/dp/cta/sb, (crxde, html, json)"
"/content/dam/img/dp/cta/news, (crxde, html, json)",news,4,/content/dam/img/dp/cta,"/content/dam/img/dp/cta/news, (crxde, html, json)"
"/content/dam/img/dp/cta/icb, (crxde, html, json)",icb,4,/content/dam/img/dp/cta,"/content/dam/img/dp/cta/icb, (crxde, html, json)"
"/content/dam/img/dp/cta, (crxde, html, json)",cta,3,/content/dam/img/dp,"/content/dam/img/dp/cta, (crxde, html, json)"
"/content/dam/img/dp/cg/icbox, (crxde, html, json)",icbox,4,/content/dam/img/dp/cg,"/content/dam/img/dp/cg/icbox, (crxde, html, json)"
"/content/dam/img/dp/cg/ch, (crxde, html, json)",ch,4,/content/dam/img/dp/cg,"/content/dam/img/dp/cg/ch, (crxde, html, json)"
"/content/dam/img/dp/cg/ig, (crxde, html, json)",ig,4,/content/dam/img/dp/cg,"/content/dam/img/dp/cg/ig, (crxde, html, json)"
"/content/dam/img/dp/cg/dw, (crxde, html, json)",dw,4,/content/dam/img/dp/cg,"/content/dam/img/dp/cg/dw, (crxde, html, json)"
"/content/dam/img/dp/cg/ss, (crxde, html, json)",ss,4,/content/dam/img/dp/cg,"/content/dam/img/dp/cg/ss, (crxde, html, json)"
"/content/dam/img/dp/cg, (crxde, html, json)",cg,3,/content/dam/img/dp,"/content/dam/img/dp/cg, (crxde, html, json)"
"/content/dam/img/dp/icon, (crxde, html, json)",icon,3,/content/dam/img/dp,"/content/dam/img/dp/icon, (crxde, html, json)"
"/content/dam/img/dp/hero/news, (crxde, html, json)",news,4,/content/dam/img/dp/hero,"/content/dam/img/dp/hero/news, (crxde, html, json)"
"/content/dam/img/dp/hero/reg, (crxde, html, json)",reg,4,/content/dam/img/dp/hero,"/content/dam/img/dp/hero/reg, (crxde, html, json)"
"/content/dam/img/dp/hero, (crxde, html, json)",hero,3,/content/dam/img/dp,"/content/dam/img/dp/hero, (crxde, html, json)"
"/content/dam/img/dp, (crxde, html, json)",dp,2,/content/dam/img,"/content/dam/img/dp, (crxde, html, json)"
"/content/dam/img/pic/event, (crxde, html, json)",event,3,/content/dam/img/pic,"/content/dam/img/pic/event, (crxde, html, json)"
"/content/dam/img/pic/bio, (crxde, html, json)",bio,3,/content/dam/img/pic,"/content/dam/img/pic/bio, (crxde, html, json)"
"/content/dam/img/pic/hp, (crxde, html, json)",hp,3,/content/dam/img/pic,"/content/dam/img/pic/hp, (crxde, html, json)"
"/content/dam/img/pic/sp, (crxde, html, json)",sp,3,/content/dam/img/pic,"/content/dam/img/pic/sp, (crxde, html, json)"
"/content/dam/img/pic/mp, (crxde, html, json)",mp,3,/content/dam/img/pic,"/content/dam/img/pic/mp, (crxde, html, json)"
"/content/dam/img/pic/ip, (crxde, html, json)",ip,3,/content/dam/img/pic,"/content/dam/img/pic/ip, (crxde, html, json)"
"/content/dam/img/pic/ap, (crxde, html, json)",ap,3,/content/dam/img/pic,"/content/dam/img/pic/ap, (crxde, html, json)"
"/content/dam/img/pic, (crxde, html, json)",pic,2,/content/dam/img,"/content/dam/img/pic, (crxde, html, json)"
"/content/dam/img/social/lic, (crxde, html, json)",lic,3,/content/dam/img/social,"/content/dam/img/social/lic, (crxde, html, json)"
"/content/dam/img/social, (crxde, html, json)",social,2,/content/dam/img,"/content/dam/img/social, (crxde, html, json)"
"/content/dam/img/email/cta/sb, (crxde, html, json)",sb,4,/content/dam/img/email/cta,"/content/dam/img/email/cta/sb, (crxde, html, json)"
"/content/dam/img/email/cta/news, (crxde, html, json)",news,4,/content/dam/img/email/cta,"/content/dam/img/email/cta/news, (crxde, html, json)"
"/content/dam/img/email/cta, (crxde, html, json)",cta,3,/content/dam/img/email,"/content/dam/img/email/cta, (crxde, html, json)"
"/content/dam/img/email/cg/ig, (crxde, html, json)",ig,4,/content/dam/img/email/cg,"/content/dam/img/email/cg/ig, (crxde, html, json)"
"/content/dam/img/email/cg/chart, (crxde, html, json)",chart,4,/content/dam/img/email/cg,"/content/dam/img/email/cg/chart, (crxde, html, json)"
"/content/dam/img/email/cg, (crxde, html, json)",cg,3,/content/dam/img/email,"/content/dam/img/email/cg, (crxde, html, json)"
"/content/dam/img/email/icon, (crxde, html, json)",icon,3,/content/dam/img/email,"/content/dam/img/email/icon, (crxde, html, json)"
"/content/dam/img/email/hero/test-images, (crxde, html, json)",test-images,4,/content/dam/img/email/hero,"/content/dam/img/email/hero/test-images, (crxde, html, json)"
"/content/dam/img/email/hero, (crxde, html, json)",hero,3,/content/dam/img/email,"/content/dam/img/email/hero, (crxde, html, json)"
"/content/dam/img/email, (crxde, html, json)",email,2,/content/dam/img,"/content/dam/img/email, (crxde, html, json)"
"/content/dam/img, (crxde, html, json)",img,1,/content/dam,"/content/dam/img, (crxde, html, json)"
"/content/dam/fragments/third-party-links/my-learning-center, (crxde, html, json)",my-learning-center,3,/content/dam/fragments/third-party-links,"/content/dam/fragments/third-party-links/my-learning-center, (crxde, html, json)"
"/content/dam/fragments/third-party-links/ia, (crxde, html, json)",ia,3,/content/dam/fragments/third-party-links,"/content/dam/fragments/third-party-links/ia, (crxde, html, json)"
"/content/dam/fragments/third-party-links/il, (crxde, html, json)",il,3,/content/dam/fragments/third-party-links,"/content/dam/fragments/third-party-links/il, (crxde, html, json)"
"/content/dam/fragments/third-party-links/bd, (crxde, html, json)",bd,3,/content/dam/fragments/third-party-links,"/content/dam/fragments/third-party-links/bd, (crxde, html, json)"
"/content/dam/fragments/third-party-links/home-office, (crxde, html, json)",home-office,3,/content/dam/fragments/third-party-links,"/content/dam/fragments/third-party-links/home-office, (crxde, html, json)"
"/content/dam/fragments/third-party-links/rs, (crxde, html, json)",rs,3,/content/dam/fragments/third-party-links,"/content/dam/fragments/third-party-links/rs, (crxde, html, json)"
"/content/dam/fragments/video, (crxde, html, json)",video,2,/content/dam/fragments,"/content/dam/fragments/video, (crxde, html, json)"
"/content/dam/fragments, (crxde, html, json)",fragments,1,/content/dam,"/content/dam/fragments, (crxde, html, json)"
"/content/dam/securian/groupSales, (crxde, html, json)",groupSales,2,/content/dam/securian,"/content/dam/securian/groupSales, (crxde, html, json)"
"/content/dam/securian/production/web/hero-banners, (crxde, html, json)",hero-banners,4,/content/dam/securian/production/web,"/content/dam/securian/production/web/hero-banners, (crxde, html, json)"
"/content/dam/securian/production/web/article, (crxde, html, json)",article,4,/content/dam/securian/production/web,"/content/dam/securian/production/web/article, (crxde, html, json)"
"/content/dam/securian/production/web/supporting/photos, (crxde, html, json)",photos,5,/content/dam/securian/production/web/supporting,"/content/dam/securian/production/web/supporting/photos, (crxde, html, json)"
"/content/dam/securian/production/web/supporting, (crxde, html, json)",supporting,4,/content/dam/securian/production/web,"/content/dam/securian/production/web/supporting, (crxde, html, json)"
"/content/dam/securian/production/web/cta/image-content-block, (crxde, html, json)",image-content-block,5,/content/dam/securian/production/web/cta,"/content/dam/securian/production/web/cta/image-content-block, (crxde, html, json)"
"/content/dam/securian/production/web/cta/article-block, (crxde, html, json)",article-block,5,/content/dam/securian/production/web/cta,"/content/dam/securian/production/web/cta/article-block, (crxde, html, json)"
"/content/dam/securian/production/web/cta/separated-block, (crxde, html, json)",separated-block,5,/content/dam/securian/production/web/cta,"/content/dam/securian/production/web/cta/separated-block, (crxde, html, json)"
"/content/dam/securian/production/web/cta, (crxde, html, json)",cta,4,/content/dam/securian/production/web,"/content/dam/securian/production/web/cta, (crxde, html, json)"
"/content/dam/securian/production/web/mvp-rebrand/hero-banners, (crxde, html, json)",hero-banners,5,/content/dam/securian/production/web/mvp-rebrand,"/content/dam/securian/production/web/mvp-rebrand/hero-banners, (crxde, html, json)"
"/content/dam/securian/production/web/mvp-rebrand, (crxde, html, json)",mvp-rebrand,4,/content/dam/securian/production/web,"/content/dam/securian/production/web/mvp-rebrand, (crxde, html, json)"
"/content/dam/securian/production/web/master, (crxde, html, json)",master,4,/content/dam/securian/production/web,"/content/dam/securian/production/web/master, (crxde, html, json)"
"/content/dam/securian/production/web/site-specific/advisor, (crxde, html, json)",advisor,5,/content/dam/securian/production/web/site-specific,"/content/dam/securian/production/web/site-specific/advisor, (crxde, html, json)"
"/content/dam/securian/production/web/site-specific/sync, (crxde, html, json)",sync,5,/content/dam/securian/production/web/site-specific,"/content/dam/securian/production/web/site-specific/sync, (crxde, html, json)"
"/content/dam/securian/production/web/site-specific/securian, (crxde, html, json)",securian,5,/content/dam/securian/production/web/site-specific,"/content/dam/securian/production/web/site-specific/securian, (crxde, html, json)"
"/content/dam/securian/production/web/site-specific/securianam/photos/bio-photos, (crxde, html, json)",bio-photos,7,/content/dam/securian/production/web/site-specific/securianam/photos,"/content/dam/securian/production/web/site-specific/securianam/photos/bio-photos, (crxde, html, json)"
"/content/dam/securian/production/web/site-specific/securianam/photos/in-content, (crxde, html, json)",in-content,7,/content/dam/securian/production/web/site-specific/securianam/photos,"/content/dam/securian/production/web/site-specific/securianam/photos/in-content, (crxde, html, json)"
"/content/dam/securian/production/web/site-specific/securianam/photos, (crxde, html, json)",photos,6,/content/dam/securian/production/web/site-specific/securianam,"/content/dam/securian/production/web/site-specific/securianam/photos, (crxde, html, json)"
"/content/dam/securian/production/web/site-specific/securianam, (crxde, html, json)",securianam,5,/content/dam/securian/production/web/site-specific,"/content/dam/securian/production/web/site-specific/securianam, (crxde, html, json)"
"/content/dam/securian/production/web/site-specific, (crxde, html, json)",site-specific,4,/content/dam/securian/production/web,"/content/dam/securian/production/web/site-specific, (crxde, html, json)"
"/content/dam/securian/production/web, (crxde, html, json)",web,3,/content/dam/securian/production,"/content/dam/securian/production/web, (crxde, html, json)"
"/content/dam/securian/content-assets/cse, (crxde, html, json)",cse,3,/content/dam/securian/content-assets,"/content/dam/securian/content-assets/cse, (crxde, html, json)"
"/content/dam/securian/contacts, (crxde, html, json)",contacts,2,/content/dam/securian,"/content/dam/securian/contacts, (crxde, html, json)"
"/content/dam/securian/securianam-com, (crxde, html, json)",securianam-com,2,/content/dam/securian,"/content/dam/securian/securianam-com, (crxde, html, json)"
"/content/dam/securian/web-assets/documents/enterprise/financial-strength, (crxde, html, json)",financial-strength,5,/content/dam/securian/web-assets/documents/enterprise,"/content/dam/securian/web-assets/documents/enterprise/financial-strength, (crxde, html, json)"
"/content/dam/securian/web-assets/documents/enterprise/community, (crxde, html, json)",community,5,/content/dam/securian/web-assets/documents/enterprise,"/content/dam/securian/web-assets/documents/enterprise/community, (crxde, html, json)"
"/content/dam/securian/web-assets/documents/enterprise/consumer-education-lifestyle, (crxde, html, json)",consumer-education-lifestyle,5,/content/dam/securian/web-assets/documents/enterprise,"/content/dam/securian/web-assets/documents/enterprise/consumer-education-lifestyle, (crxde, html, json)"
"/content/dam/securian/web-assets/documents/enterprise/corporate-communications/human-resources, (crxde, html, json)",human-resources,6,/content/dam/securian/web-assets/documents/enterprise/corporate-communications,"/content/dam/securian/web-assets/documents/enterprise/corporate-communications/human-resources, (crxde, html, json)"
"/content/dam/securian/web-assets/documents/enterprise/corporate-communications, (crxde, html, json)",corporate-communications,5,/content/dam/securian/web-assets/documents/enterprise,"/content/dam/securian/web-assets/documents/enterprise/corporate-communications, (crxde, html, json)"
"/content/dam/securian/web-assets/documents/enterprise/about-securian, (crxde, html, json)",about-securian,5,/content/dam/securian/web-assets/documents/enterprise,"/content/dam/securian/web-assets/documents/enterprise/about-securian, (crxde, html, json)"
"/content/dam/securian/web-assets/documents/enterprise, (crxde, html, json)",enterprise,4,/content/dam/securian/web-assets/documents,"/content/dam/securian/web-assets/documents/enterprise, (crxde, html, json)"
"/content/dam/securian/web-assets/documents/employers-employees/group-insurance, (crxde, html, json)",group-insurance,5,/content/dam/securian/web-assets/documents/employers-employees,"/content/dam/securian/web-assets/documents/employers-employees/group-insurance, (crxde, html, json)"
"/content/dam/securian/web-assets/documents/employers-employees, (crxde, html, json)",employers-employees,4,/content/dam/securian/web-assets/documents,"/content/dam/securian/web-assets/documents/employers-employees, (crxde, html, json)"
"/content/dam/securian/web-assets/documents/individuals-families/life-products, (crxde, html, json)",life-products,5,/content/dam/securian/web-assets/documents/individuals-families,"/content/dam/securian/web-assets/documents/individuals-families/life-products, (crxde, html, json)"
"/content/dam/securian/web-assets/documents/individuals-families/wealth-management, (crxde, html, json)",wealth-management,5,/content/dam/securian/web-assets/documents/individuals-families,"/content/dam/securian/web-assets/documents/individuals-families/wealth-management, (crxde, html, json)"
"/content/dam/securian/web-assets/documents/individuals-families, (crxde, html, json)",individuals-families,4,/content/dam/securian/web-assets/documents,"/content/dam/securian/web-assets/documents/individuals-families, (crxde, html, json)"
"/content/dam/securian/web-assets/documents/institutional-investors, (crxde, html, json)",institutional-investors,4,/content/dam/securian/web-assets/documents,"/content/dam/securian/web-assets/documents/institutional-investors, (crxde, html, json)"
"/content/dam/securian/web-assets/documents/retirement, (crxde, html, json)",retirement,4,/content/dam/securian/web-assets/documents,"/content/dam/securian/web-assets/documents/retirement, (crxde, html, json)"
"/content/dam/securian/web-assets/documents/wmg/soundbites, (crxde, html, json)",soundbites,5,/content/dam/securian/web-assets/documents/wmg,"/content/dam/securian/web-assets/documents/wmg/soundbites, (crxde, html, json)"
"/content/dam/securian/web-assets/documents/wmg, (crxde, html, json)",wmg,4,/content/dam/securian/web-assets/documents,"/content/dam/securian/web-assets/documents/wmg, (crxde, html, json)"
"/content/dam/securian/web-assets/documents, (crxde, html, json)",documents,3,/content/dam/securian/web-assets,"/content/dam/securian/web-assets/documents, (crxde, html, json)"
"/content/dam/securian/web-assets/html-pages, (crxde, html, json)",html-pages,3,/content/dam/securian/web-assets,"/content/dam/securian/web-assets/html-pages, (crxde, html, json)"
"/content/dam/securian/web-assets/supporting/photos/bio-photo, (crxde, html, json)",bio-photo,5,/content/dam/securian/web-assets/supporting/photos,"/content/dam/securian/web-assets/supporting/photos/bio-photo, (crxde, html, json)"
"/content/dam/securian/web-assets/supporting/photos, (crxde, html, json)",photos,4,/content/dam/securian/web-assets/supporting,"/content/dam/securian/web-assets/supporting/photos, (crxde, html, json)"
"/content/dam/securian/web-assets/supporting/client-logos, (crxde, html, json)",client-logos,4,/content/dam/securian/web-assets/supporting,"/content/dam/securian/web-assets/supporting/client-logos, (crxde, html, json)"
"/content/dam/securian/web-assets/supporting/infographic, (crxde, html, json)",infographic,4,/content/dam/securian/web-assets/supporting,"/content/dam/securian/web-assets/supporting/infographic, (crxde, html, json)"
"/content/dam/securian/web-assets/supporting/charts-&-graphs, (crxde, html, json)",charts-&-graphs,4,/content/dam/securian/web-assets/supporting,"/content/dam/securian/web-assets/supporting/charts-&-graphs, (crxde, html, json)"
"/content/dam/securian/web-assets/supporting, (crxde, html, json)",supporting,3,/content/dam/securian/web-assets,"/content/dam/securian/web-assets/supporting, (crxde, html, json)"
"/content/dam/securian/web-assets/cta/image-content-block, (crxde, html, json)",image-content-block,4,/content/dam/securian/web-assets/cta,"/content/dam/securian/web-assets/cta/image-content-block, (crxde, html, json)"
"/content/dam/securian/web-assets/cta/icon-block, (crxde, html, json)",icon-block,4,/content/dam/securian/web-assets/cta,"/content/dam/securian/web-assets/cta/icon-block, (crxde, html, json)"
"/content/dam/securian/web-assets/cta/separated-block, (crxde, html, json)",separated-block,4,/content/dam/securian/web-assets/cta,"/content/dam/securian/web-assets/cta/separated-block, (crxde, html, json)"
"/content/dam/securian/web-assets/cta, (crxde, html, json)",cta,3,/content/dam/securian/web-assets,"/content/dam/securian/web-assets/cta, (crxde, html, json)"
"/content/dam/securian/web-assets/brand/campaign, (crxde, html, json)",campaign,4,/content/dam/securian/web-assets/brand,"/content/dam/securian/web-assets/brand/campaign, (crxde, html, json)"
"/content/dam/securian/web-assets/brand/social, (crxde, html, json)",social,4,/content/dam/securian/web-assets/brand,"/content/dam/securian/web-assets/brand/social, (crxde, html, json)"
"/content/dam/securian/web-assets/brand/affiliates, (crxde, html, json)",affiliates,4,/content/dam/securian/web-assets/brand,"/content/dam/securian/web-assets/brand/affiliates, (crxde, html, json)"
"/content/dam/securian/web-assets/brand/favicons, (crxde, html, json)",favicons,4,/content/dam/securian/web-assets/brand,"/content/dam/securian/web-assets/brand/favicons, (crxde, html, json)"
"/content/dam/securian/web-assets/brand/touch-icons, (crxde, html, json)",touch-icons,4,/content/dam/securian/web-assets/brand,"/content/dam/securian/web-assets/brand/touch-icons, (crxde, html, json)"
"/content/dam/securian/web-assets/brand, (crxde, html, json)",brand,3,/content/dam/securian/web-assets,"/content/dam/securian/web-assets/brand, (crxde, html, json)"
"/content/dam/securian/web-assets/minimum-rebrand/supporting/illustrations, (crxde, html, json)",illustrations,5,/content/dam/securian/web-assets/minimum-rebrand/supporting,"/content/dam/securian/web-assets/minimum-rebrand/supporting/illustrations, (crxde, html, json)"
"/content/dam/securian/web-assets/minimum-rebrand/supporting/photos, (crxde, html, json)",photos,5,/content/dam/securian/web-assets/minimum-rebrand/supporting,"/content/dam/securian/web-assets/minimum-rebrand/supporting/photos, (crxde, html, json)"
"/content/dam/securian/web-assets/minimum-rebrand/supporting/charts-&-graphs, (crxde, html, json)",charts-&-graphs,5,/content/dam/securian/web-assets/minimum-rebrand/supporting,"/content/dam/securian/web-assets/minimum-rebrand/supporting/charts-&-graphs, (crxde, html, json)"
"/content/dam/securian/web-assets/minimum-rebrand/supporting, (crxde, html, json)",supporting,4,/content/dam/securian/web-assets/minimum-rebrand,"/content/dam/securian/web-assets/minimum-rebrand/supporting, (crxde, html, json)"
"/content/dam/securian/web-assets/minimum-rebrand/cta/image-content-block, (crxde, html, json)",image-content-block,5,/content/dam/securian/web-assets/minimum-rebrand/cta,"/content/dam/securian/web-assets/minimum-rebrand/cta/image-content-block, (crxde, html, json)"
"/content/dam/securian/web-assets/minimum-rebrand/cta/icon-block, (crxde, html, json)",icon-block,5,/content/dam/securian/web-assets/minimum-rebrand/cta,"/content/dam/securian/web-assets/minimum-rebrand/cta/icon-block, (crxde, html, json)"
"/content/dam/securian/web-assets/minimum-rebrand/cta/separated-block, (crxde, html, json)",separated-block,5,/content/dam/securian/web-assets/minimum-rebrand/cta,"/content/dam/securian/web-assets/minimum-rebrand/cta/separated-block, (crxde, html, json)"
"/content/dam/securian/web-assets/minimum-rebrand/cta, (crxde, html, json)",cta,4,/content/dam/securian/web-assets/minimum-rebrand,"/content/dam/securian/web-assets/minimum-rebrand/cta, (crxde, html, json)"
"/content/dam/securian/web-assets/minimum-rebrand/brand, (crxde, html, json)",brand,4,/content/dam/securian/web-assets/minimum-rebrand,"/content/dam/securian/web-assets/minimum-rebrand/brand, (crxde, html, json)"
"/content/dam/securian/web-assets/minimum-rebrand/site-specific/group, (crxde, html, json)",group,5,/content/dam/securian/web-assets/minimum-rebrand/site-specific,"/content/dam/securian/web-assets/minimum-rebrand/site-specific/group, (crxde, html, json)"
"/content/dam/securian/web-assets/minimum-rebrand/site-specific/retirement, (crxde, html, json)",retirement,5,/content/dam/securian/web-assets/minimum-rebrand/site-specific,"/content/dam/securian/web-assets/minimum-rebrand/site-specific/retirement, (crxde, html, json)"
"/content/dam/securian/web-assets/minimum-rebrand/site-specific, (crxde, html, json)",site-specific,4,/content/dam/securian/web-assets/minimum-rebrand,"/content/dam/securian/web-assets/minimum-rebrand/site-specific, (crxde, html, json)"
"/content/dam/securian/web-assets/minimum-rebrand/icons/process, (crxde, html, json)",process,5,/content/dam/securian/web-assets/minimum-rebrand/icons,"/content/dam/securian/web-assets/minimum-rebrand/icons/process, (crxde, html, json)"
"/content/dam/securian/web-assets/minimum-rebrand/icons/resource-list, (crxde, html, json)",resource-list,5,/content/dam/securian/web-assets/minimum-rebrand/icons,"/content/dam/securian/web-assets/minimum-rebrand/icons/resource-list, (crxde, html, json)"
"/content/dam/securian/web-assets/minimum-rebrand/icons/toolbar, (crxde, html, json)",toolbar,5,/content/dam/securian/web-assets/minimum-rebrand/icons,"/content/dam/securian/web-assets/minimum-rebrand/icons/toolbar, (crxde, html, json)"
"/content/dam/securian/web-assets/minimum-rebrand/icons, (crxde, html, json)",icons,4,/content/dam/securian/web-assets/minimum-rebrand,"/content/dam/securian/web-assets/minimum-rebrand/icons, (crxde, html, json)"
"/content/dam/securian/web-assets/minimum-rebrand/hero/article, (crxde, html, json)",article,5,/content/dam/securian/web-assets/minimum-rebrand/hero,"/content/dam/securian/web-assets/minimum-rebrand/hero/article, (crxde, html, json)"
"/content/dam/securian/web-assets/minimum-rebrand/hero, (crxde, html, json)",hero,4,/content/dam/securian/web-assets/minimum-rebrand,"/content/dam/securian/web-assets/minimum-rebrand/hero, (crxde, html, json)"
"/content/dam/securian/web-assets/minimum-rebrand, (crxde, html, json)",minimum-rebrand,3,/content/dam/securian/web-assets,"/content/dam/securian/web-assets/minimum-rebrand, (crxde, html, json)"
"/content/dam/securian/web-assets/icon, (crxde, html, json)",icon,3,/content/dam/securian/web-assets,"/content/dam/securian/web-assets/icon, (crxde, html, json)"
"/content/dam/securian/web-assets/email/images/logo, (crxde, html, json)",logo,5,/content/dam/securian/web-assets/email/images,"/content/dam/securian/web-assets/email/images/logo, (crxde, html, json)"
"/content/dam/securian/web-assets/email/images/banner, (crxde, html, json)",banner,5,/content/dam/securian/web-assets/email/images,"/content/dam/securian/web-assets/email/images/banner, (crxde, html, json)"
"/content/dam/securian/web-assets/email/images/bio-photo, (crxde, html, json)",bio-photo,5,/content/dam/securian/web-assets/email/images,"/content/dam/securian/web-assets/email/images/bio-photo, (crxde, html, json)"
"/content/dam/securian/web-assets/email/images/body, (crxde, html, json)",body,5,/content/dam/securian/web-assets/email/images,"/content/dam/securian/web-assets/email/images/body, (crxde, html, json)"
"/content/dam/securian/web-assets/email/images, (crxde, html, json)",images,4,/content/dam/securian/web-assets/email,"/content/dam/securian/web-assets/email/images, (crxde, html, json)"
"/content/dam/securian/web-assets/email/storymod4, (crxde, html, json)",storymod4,4,/content/dam/securian/web-assets/email,"/content/dam/securian/web-assets/email/storymod4, (crxde, html, json)"
"/content/dam/securian/web-assets/email/icons/social, (crxde, html, json)",social,5,/content/dam/securian/web-assets/email/icons,"/content/dam/securian/web-assets/email/icons/social, (crxde, html, json)"
"/content/dam/securian/web-assets/email/icons, (crxde, html, json)",icons,4,/content/dam/securian/web-assets/email,"/content/dam/securian/web-assets/email/icons, (crxde, html, json)"
"/content/dam/securian/web-assets/email/storymod2, (crxde, html, json)",storymod2,4,/content/dam/securian/web-assets/email,"/content/dam/securian/web-assets/email/storymod2, (crxde, html, json)"
"/content/dam/securian/web-assets/email, (crxde, html, json)",email,3,/content/dam/securian/web-assets,"/content/dam/securian/web-assets/email, (crxde, html, json)"
"/content/dam/securian/web-assets/site-specific/sync, (crxde, html, json)",sync,4,/content/dam/securian/web-assets/site-specific,"/content/dam/securian/web-assets/site-specific/sync, (crxde, html, json)"
"/content/dam/securian/web-assets/site-specific/securian, (crxde, html, json)",securian,4,/content/dam/securian/web-assets/site-specific,"/content/dam/securian/web-assets/site-specific/securian, (crxde, html, json)"
"/content/dam/securian/web-assets/site-specific/securianam, (crxde, html, json)",securianam,4,/content/dam/securian/web-assets/site-specific,"/content/dam/securian/web-assets/site-specific/securianam, (crxde, html, json)"
"/content/dam/securian/web-assets/site-specific/group, (crxde, html, json)",group,4,/content/dam/securian/web-assets/site-specific,"/content/dam/securian/web-assets/site-specific/group, (crxde, html, json)"
"/content/dam/securian/web-assets/site-specific, (crxde, html, json)",site-specific,3,/content/dam/securian/web-assets,"/content/dam/securian/web-assets/site-specific, (crxde, html, json)"
"/content/dam/securian/web-assets/video/individuals-&-families, (crxde, html, json)",individuals-&-families,4,/content/dam/securian/web-assets/video,"/content/dam/securian/web-assets/video/individuals-&-families, (crxde, html, json)"
"/content/dam/securian/web-assets/video/enterprise/brand, (crxde, html, json)",brand,5,/content/dam/securian/web-assets/video/enterprise,"/content/dam/securian/web-assets/video/enterprise/brand, (crxde, html, json)"
"/content/dam/securian/web-assets/video/enterprise/corporate-communications/human-resources, (crxde, html, json)",human-resources,6,/content/dam/securian/web-assets/video/enterprise/corporate-communications,"/content/dam/securian/web-assets/video/enterprise/corporate-communications/human-resources, (crxde, html, json)"
"/content/dam/securian/web-assets/video/enterprise/corporate-communications/events, (crxde, html, json)",events,6,/content/dam/securian/web-assets/video/enterprise/corporate-communications,"/content/dam/securian/web-assets/video/enterprise/corporate-communications/events, (crxde, html, json)"
"/content/dam/securian/web-assets/video/enterprise/corporate-communications, (crxde, html, json)",corporate-communications,5,/content/dam/securian/web-assets/video/enterprise,"/content/dam/securian/web-assets/video/enterprise/corporate-communications, (crxde, html, json)"
"/content/dam/securian/web-assets/video/enterprise/consumer, (crxde, html, json)",consumer,5,/content/dam/securian/web-assets/video/enterprise,"/content/dam/securian/web-assets/video/enterprise/consumer, (crxde, html, json)"
"/content/dam/securian/web-assets/video/enterprise/executive/management, (crxde, html, json)",management,6,/content/dam/securian/web-assets/video/enterprise/executive,"/content/dam/securian/web-assets/video/enterprise/executive/management, (crxde, html, json)"
"/content/dam/securian/web-assets/video/enterprise/executive, (crxde, html, json)",executive,5,/content/dam/securian/web-assets/video/enterprise,"/content/dam/securian/web-assets/video/enterprise/executive, (crxde, html, json)"
"/content/dam/securian/web-assets/video/enterprise, (crxde, html, json)",enterprise,4,/content/dam/securian/web-assets/video,"/content/dam/securian/web-assets/video/enterprise, (crxde, html, json)"
"/content/dam/securian/web-assets/video/individuals-&/video-00007-wealth-management.mp4/video-00007-wealth-management.mp4.assetdownload.zip/Wealth Management for Life.zip;-families/video-00007-wealth-management.mp4.assetdownload.zip/Wealth Management for Life.zip, (crxde, html, json)",Wealth Management for Life.zip,9,/content/dam/securian/web-assets/video/individuals-&/video-00007-wealth-management.mp4/video-00007-wealth-management.mp4.assetdownload.zip/Wealth Management for Life.zip;-families/video-00007-wealth-management.mp4.assetdownload.zip,"/content/dam/securian/web-assets/video/individuals-&/video-00007-wealth-management.mp4/video-00007-wealth-management.mp4.assetdownload.zip/Wealth Management for Life.zip;-families/video-00007-wealth-management.mp4.assetdownload.zip/Wealth Management for Life.zip, (crxde, html, json)"
"/content/dam/securian/web-assets/video/individuals-&/video-00007-wealth-management.mp4/video-00007-wealth-management.mp4.assetdownload.zip/Wealth Management for Life.zip;-families/video-00007-wealth-management.mp4.assetdownload.zip, (crxde, html, json)",video-00007-wealth-management.mp4.assetdownload.zip,8,/content/dam/securian/web-assets/video/individuals-&/video-00007-wealth-management.mp4/video-00007-wealth-management.mp4.assetdownload.zip/Wealth Management for Life.zip;-families,"/content/dam/securian/web-assets/video/individuals-&/video-00007-wealth-management.mp4/video-00007-wealth-management.mp4.assetdownload.zip/Wealth Management for Life.zip;-families/video-00007-wealth-management.mp4.assetdownload.zip, (crxde, html, json)"
"/content/dam/securian/web-assets/video/individuals-&/video-00007-wealth-management.mp4/video-00007-wealth-management.mp4.assetdownload.zip/Wealth Management for Life.zip;-families, (crxde, html, json)",Wealth Management for Life.zip;-families,7,/content/dam/securian/web-assets/video/individuals-&/video-00007-wealth-management.mp4/video-00007-wealth-management.mp4.assetdownload.zip,"/content/dam/securian/web-assets/video/individuals-&/video-00007-wealth-management.mp4/video-00007-wealth-management.mp4.assetdownload.zip/Wealth Management for Life.zip;-families, (crxde, html, json)"
"/content/dam/securian/web-assets/video/individuals-&/video-00007-wealth-management.mp4/video-00007-wealth-management.mp4.assetdownload.zip, (crxde, html, json)",video-00007-wealth-management.mp4.assetdownload.zip,6,/content/dam/securian/web-assets/video/individuals-&/video-00007-wealth-management.mp4,"/content/dam/securian/web-assets/video/individuals-&/video-00007-wealth-management.mp4/video-00007-wealth-management.mp4.assetdownload.zip, (crxde, html, json)"
"/content/dam/securian/web-assets/video/individuals-&/video-00007-wealth-management.mp4, (crxde, html, json)",video-00007-wealth-management.mp4,5,/content/dam/securian/web-assets/video/individuals-&,"/content/dam/securian/web-assets/video/individuals-&/video-00007-wealth-management.mp4, (crxde, html, json)"
"/content/dam/securian/web-assets/video/individuals-&/video-00007-wealth-management.mp4;-families/video-00007-wealth-management.mp4/jcr:content, (crxde, html, json)",jcr:content,7,/content/dam/securian/web-assets/video/individuals-&/video-00007-wealth-management.mp4;-families/video-00007-wealth-management.mp4,"/content/dam/securian/web-assets/video/individuals-&/video-00007-wealth-management.mp4;-families/video-00007-wealth-management.mp4/jcr:content, (crxde, html, json)"
"/content/dam/securian/web-assets/video/individuals-&/video-00007-wealth-management.mp4;-families/video-00007-wealth-management.mp4, (crxde, html, json)",video-00007-wealth-management.mp4,6,/content/dam/securian/web-assets/video/individuals-&/video-00007-wealth-management.mp4;-families,"/content/dam/securian/web-assets/video/individuals-&/video-00007-wealth-management.mp4;-families/video-00007-wealth-management.mp4, (crxde, html, json)"
"/content/dam/securian/web-assets/video/individuals-&/video-00007-wealth-management.mp4;-families, (crxde, html, json)",video-00007-wealth-management.mp4;-families,5,/content/dam/securian/web-assets/video/individuals-&,"/content/dam/securian/web-assets/video/individuals-&/video-00007-wealth-management.mp4;-families, (crxde, html, json)"
"/content/dam/securian/web-assets/video/individuals-&, (crxde, html, json)",individuals-&,4,/content/dam/securian/web-assets/video,"/content/dam/securian/web-assets/video/individuals-&, (crxde, html, json)"
"/content/dam/securian/web-assets/video/financial-professionals, (crxde, html, json)",financial-professionals,4,/content/dam/securian/web-assets/video,"/content/dam/securian/web-assets/video/financial-professionals, (crxde, html, json)"
"/content/dam/securian/web-assets/video/institutional-investors, (crxde, html, json)",institutional-investors,4,/content/dam/securian/web-assets/video,"/content/dam/securian/web-assets/video/institutional-investors, (crxde, html, json)"
"/content/dam/securian/web-assets/video/closed-caption, (crxde, html, json)",closed-caption,4,/content/dam/securian/web-assets/video,"/content/dam/securian/web-assets/video/closed-caption, (crxde, html, json)"
"/content/dam/securian/web-assets/video, (crxde, html, json)",video,3,/content/dam/securian/web-assets,"/content/dam/securian/web-assets/video, (crxde, html, json)"
"/content/dam/securian/web-assets/hero/article, (crxde, html, json)",article,4,/content/dam/securian/web-assets/hero,"/content/dam/securian/web-assets/hero/article, (crxde, html, json)"
"/content/dam/securian/web-assets/hero/cta, (crxde, html, json)",cta,4,/content/dam/securian/web-assets/hero,"/content/dam/securian/web-assets/hero/cta, (crxde, html, json)"
"/content/dam/securian/web-assets/hero/static, (crxde, html, json)",static,4,/content/dam/securian/web-assets/hero,"/content/dam/securian/web-assets/hero/static, (crxde, html, json)"
"/content/dam/securian/web-assets/hero, (crxde, html, json)",hero,3,/content/dam/securian/web-assets,"/content/dam/securian/web-assets/hero, (crxde, html, json)"
"/content/dam/securian/securian-com/css, (crxde, html, json)",css,3,/content/dam/securian/securian-com,"/content/dam/securian/securian-com/css, (crxde, html, json)"
"/content/dam/securian/securian-com/json, (crxde, html, json)",json,3,/content/dam/securian/securian-com,"/content/dam/securian/securian-com/json, (crxde, html, json)"
"/content/dam/securian/securian-com/js, (crxde, html, json)",js,3,/content/dam/securian/securian-com,"/content/dam/securian/securian-com/js, (crxde, html, json)"
"/content/dam/securian, (crxde, html, json)",securian,1,/content/dam,"/content/dam/securian, (crxde, html, json)"
"/content/dam/tech/gsap, (crxde, html, json)",gsap,2,/content/dam/tech,"/content/dam/tech/gsap, (crxde, html, json)"
"/content/dam/tech, (crxde, html, json)",tech,1,/content/dam,"/content/dam/tech, (crxde, html, json)"
"/content/dam/reg/prospectus/thirdqtrholdingrpt, (crxde, html, json)",thirdqtrholdingrpt,3,/content/dam/reg/prospectus,"/content/dam/reg/prospectus/thirdqtrholdingrpt, (crxde, html, json)"
"/content/dam/reg/prospectus/firstqtrholdingrpt, (crxde, html, json)",firstqtrholdingrpt,3,/content/dam/reg/prospectus,"/content/dam/reg/prospectus/firstqtrholdingrpt, (crxde, html, json)"
"/content/dam/reg/prospectus/proxystatements, (crxde, html, json)",proxystatements,3,/content/dam/reg/prospectus,"/content/dam/reg/prospectus/proxystatements, (crxde, html, json)"
"/content/dam/form/dcs, (crxde, html, json)",dcs,2,/content/dam/form,"/content/dam/form/dcs, (crxde, html, json)"
"/content/dam/s-form/med, (crxde, html, json)",med,2,/content/dam/s-form,"/content/dam/s-form/med, (crxde, html, json)"
"/content/dam/s-form/dcs, (crxde, html, json)",dcs,2,/content/dam/s-form,"/content/dam/s-form/dcs, (crxde, html, json)"
"/content/dam/doc/ai, (crxde, html, json)",ai,2,/content/dam/doc,"/content/dam/doc/ai, (crxde, html, json)"
"/content/dam/img/brand/tp-logo/retirement, (crxde, html, json)",retirement,4,/content/dam/img/brand/tp-logo,"/content/dam/img/brand/tp-logo/retirement, (crxde, html, json)"
"/content/dam/video/net, (crxde, html, json)",net,2,/content/dam/video,"/content/dam/video/net, (crxde, html, json)"
"/content/dam/creative-assets/video/net, (crxde, html, json)",net,3,/content/dam/creative-assets/video,"/content/dam/creative-assets/video/net, (crxde, html, json)"
"/content/dam/creative-assets/img/sc, (crxde, html, json)",sc,3,/content/dam/creative-assets/img,"/content/dam/creative-assets/img/sc, (crxde, html, json)"
"/content/dam/img/sc, (crxde, html, json)",sc,2,/content/dam/img,"/content/dam/img/sc, (crxde, html, json)"
"/content/dam/uploads, (crxde, html, json)",uploads,1,/content/dam,"/content/dam/uploads, (crxde, html, json)"
"/content/dam/creative-assets/video/licensed-video-audio, (crxde, html, json)",licensed-video-audio,3,/content/dam/creative-assets/video,"/content/dam/creative-assets/video/licensed-video-audio, (crxde, html, json)"
"/content/dam/creative-assets/img/sc/article-hero, (crxde, html, json)",article-hero,4,/content/dam/creative-assets/img/sc,"/content/dam/creative-assets/img/sc/article-hero, (crxde, html, json)"
"/content/dam/creative-assets/img/sc/em-icb, (crxde, html, json)",em-icb,4,/content/dam/creative-assets/img/sc,"/content/dam/creative-assets/img/sc/em-icb, (crxde, html, json)"
"/content/dam/img/sc/article-hero, (crxde, html, json)",article-hero,3,/content/dam/img/sc,"/content/dam/img/sc/article-hero, (crxde, html, json)"
"/content/dam/img/sc/em-icb, (crxde, html, json)",em-icb,3,/content/dam/img/sc,"/content/dam/img/sc/em-icb, (crxde, html, json)"
"/content/dam/creative-assets/video/stock-video, (crxde, html, json)",stock-video,3,/content/dam/creative-assets/video,"/content/dam/creative-assets/video/stock-video, (crxde, html, json)"
"/content/dam/img/in5, (crxde, html, json)",in5,2,/content/dam/img,"/content/dam/img/in5, (crxde, html, json)"
"/content/dam/video/ca, (crxde, html, json)",ca,2,/content/dam/video,"/content/dam/video/ca, (crxde, html, json)"
"/content/dam/img/in5/mentalwellness, (crxde, html, json)",mentalwellness,3,/content/dam/img/in5,"/content/dam/img/in5/mentalwellness, (crxde, html, json)"
"/content/dam/img/in5/FinancialWellBeing, (crxde, html, json)",FinancialWellBeing,3,/content/dam/img/in5,"/content/dam/img/in5/FinancialWellBeing, (crxde, html, json)"
"/content/dam/img/in5/mentalwellnessmobile, (crxde, html, json)",mentalwellnessmobile,3,/content/dam/img/in5,"/content/dam/img/in5/mentalwellnessmobile, (crxde, html, json)"
"/content/dam/doc/sc, (crxde, html, json)",sc,2,/content/dam/doc,"/content/dam/doc/sc, (crxde, html, json)"
"/content/dam/img/ca, (crxde, html, json)",ca,2,/content/dam/img,"/content/dam/img/ca, (crxde, html, json)"
"/content/dam/img/ca/social, (crxde, html, json)",social,3,/content/dam/img/ca,"/content/dam/img/ca/social, (crxde, html, json)"
"/content/dam/img/ca/sc, (crxde, html, json)",sc,3,/content/dam/img/ca,"/content/dam/img/ca/sc, (crxde, html, json)"
"/content/dam/img/ca/brand, (crxde, html, json)",brand,3,/content/dam/img/ca,"/content/dam/img/ca/brand, (crxde, html, json)"
"/content/dam/img/ca/brand/tp-logo, (crxde, html, json)",tp-logo,4,/content/dam/img/ca/brand,"/content/dam/img/ca/brand/tp-logo, (crxde, html, json)"
"/content/dam/img/ca/email/cg, (crxde, html, json)",cg,4,/content/dam/img/ca/email,"/content/dam/img/ca/email/cg, (crxde, html, json)"
"/content/dam/img/ca/dp/cg, (crxde, html, json)",cg,4,/content/dam/img/ca/dp,"/content/dam/img/ca/dp/cg, (crxde, html, json)"
"/content/dam/img/ca/sc/article-hero, (crxde, html, json)",article-hero,4,/content/dam/img/ca/sc,"/content/dam/img/ca/sc/article-hero, (crxde, html, json)"
"/content/dam/img/ca/sc/em-icb, (crxde, html, json)",em-icb,4,/content/dam/img/ca/sc,"/content/dam/img/ca/sc/em-icb, (crxde, html, json)"
"/content/dam/img/ca/dp, (crxde, html, json)",dp,3,/content/dam/img/ca,"/content/dam/img/ca/dp, (crxde, html, json)"
"/content/dam/img/ca/email, (crxde, html, json)",email,3,/content/dam/img/ca,"/content/dam/img/ca/email, (crxde, html, json)"
"/content/dam/img/ca/pic, (crxde, html, json)",pic,3,/content/dam/img/ca,"/content/dam/img/ca/pic, (crxde, html, json)"
"/content/dam/img/ca/dp/cta, (crxde, html, json)",cta,4,/content/dam/img/ca/dp,"/content/dam/img/ca/dp/cta, (crxde, html, json)"
"/content/dam/img/ca/dp/hero, (crxde, html, json)",hero,4,/content/dam/img/ca/dp,"/content/dam/img/ca/dp/hero, (crxde, html, json)"
"/content/dam/img/ca/dp/icon, (crxde, html, json)",icon,4,/content/dam/img/ca/dp,"/content/dam/img/ca/dp/icon, (crxde, html, json)"
"/content/dam/img/ca/dp/cta/sb, (crxde, html, json)",sb,5,/content/dam/img/ca/dp/cta,"/content/dam/img/ca/dp/cta/sb, (crxde, html, json)"
"/content/dam/img/ca/dp/cg/ss, (crxde, html, json)",ss,5,/content/dam/img/ca/dp/cg,"/content/dam/img/ca/dp/cg/ss, (crxde, html, json)"
"/content/dam/img/ca/dp/cta/icb, (crxde, html, json)",icb,5,/content/dam/img/ca/dp/cta,"/content/dam/img/ca/dp/cta/icb, (crxde, html, json)"
"/content/dam/img/ca/dp/cg/icbox, (crxde, html, json)",icbox,5,/content/dam/img/ca/dp/cg,"/content/dam/img/ca/dp/cg/icbox, (crxde, html, json)"
"/content/dam/img/ca/dp/hero/reg, (crxde, html, json)",reg,5,/content/dam/img/ca/dp/hero,"/content/dam/img/ca/dp/hero/reg, (crxde, html, json)"
"/content/dam/img/ca/dp/cta/news, (crxde, html, json)",news,5,/content/dam/img/ca/dp/cta,"/content/dam/img/ca/dp/cta/news, (crxde, html, json)"
"/content/dam/img/ca/dp/cg/ig, (crxde, html, json)",ig,5,/content/dam/img/ca/dp/cg,"/content/dam/img/ca/dp/cg/ig, (crxde, html, json)"
"/content/dam/img/ca/dp/hero/news, (crxde, html, json)",news,5,/content/dam/img/ca/dp/hero,"/content/dam/img/ca/dp/hero/news, (crxde, html, json)"
"/content/dam/img/ca/dp/cg/ch, (crxde, html, json)",ch,5,/content/dam/img/ca/dp/cg,"/content/dam/img/ca/dp/cg/ch, (crxde, html, json)"
"/content/dam/img/in5/mental-wellness, (crxde, html, json)",mental-wellness,3,/content/dam/img/in5,"/content/dam/img/in5/mental-wellness, (crxde, html, json)"
"/content/dam/i-doc/ecs, (crxde, html, json)",ecs,2,/content/dam/i-doc,"/content/dam/i-doc/ecs, (crxde, html, json)"
"/content/dam/i-doc/data, (crxde, html, json)",data,2,/content/dam/i-doc,"/content/dam/i-doc/data, (crxde, html, json)"
"/content/dam/i-doc, (crxde, html, json)",i-doc,1,/content/dam,"/content/dam/i-doc, (crxde, html, json)"
"/content/dam/marketing-ops/Paginator, (crxde, html, json)",Paginator,2,/content/dam/marketing-ops,"/content/dam/marketing-ops/Paginator, (crxde, html, json)"
"/content/dam/i-doc/ecs/new-assets, (crxde, html, json)",new-assets,3,/content/dam/i-doc/ecs,"/content/dam/i-doc/ecs/new-assets, (crxde, html, json)"
"/content/dam/img/in5/mental-wellness-mobile, (crxde, html, json)",mental-wellness-mobile,3,/content/dam/img/in5,"/content/dam/img/in5/mental-wellness-mobile, (crxde, html, json)"
"/content/dam/doc/tpa-forms, (crxde, html, json)",tpa-forms,2,/content/dam/doc,"/content/dam/doc/tpa-forms, (crxde, html, json)"
"/content/dam/creative-assets/img/pic/sv, (crxde, html, json)",sv,4,/content/dam/creative-assets/img/pic,"/content/dam/creative-assets/img/pic/sv, (crxde, html, json)"
"/content/dam/fragments/events/sync, (crxde, html, json)",sync,3,/content/dam/fragments/events,"/content/dam/fragments/events/sync, (crxde, html, json)"
"/content/dam/fragments/events, (crxde, html, json)",events,2,/content/dam/fragments,"/content/dam/fragments/events, (crxde, html, json)"
"/content/dam/img/in5/transfer, (crxde, html, json)",transfer,3,/content/dam/img/in5,"/content/dam/img/in5/transfer, (crxde, html, json)"
"/content/dam/img/dp/icon/sync-only, (crxde, html, json)",sync-only,4,/content/dam/img/dp/icon,"/content/dam/img/dp/icon/sync-only, (crxde, html, json)"
"/content/dam/fragments/events/internal/ecs, (crxde, html, json)",ecs,4,/content/dam/fragments/events/internal,"/content/dam/fragments/events/internal/ecs, (crxde, html, json)"
"/content/dam/fragments/events/internal, (crxde, html, json)",internal,3,/content/dam/fragments/events,"/content/dam/fragments/events/internal, (crxde, html, json)"
"/content/dam/i-doc/sales-hub, (crxde, html, json)",sales-hub,2,/content/dam/i-doc,"/content/dam/i-doc/sales-hub, (crxde, html, json)"
"/content/dam/i-doc/ai, (crxde, html, json)",ai,2,/content/dam/i-doc,"/content/dam/i-doc/ai, (crxde, html, json)"
"/content/dam/securian/wholesalers, (crxde, html, json)",wholesalers,2,/content/dam/securian,"/content/dam/securian/wholesalers, (crxde, html, json)"
"/content/dam/i-doc/data/2025-showcase-pdfs, (crxde, html, json)",2025-showcase-pdfs,3,/content/dam/i-doc/data,"/content/dam/i-doc/data/2025-showcase-pdfs, (crxde, html, json)"
"/content/dam/workfront/groovytools, (crxde, html, json)",groovytools,2,/content/dam/workfront,"/content/dam/workfront/groovytools, (crxde, html, json)"
"/content/dam/tech/groovytools, (crxde, html, json)",groovytools,2,/content/dam/tech,"/content/dam/tech/groovytools, (crxde, html, json)"
"/content/dam/creative-assets/video/sunday-sky, (crxde, html, json)",sunday-sky,3,/content/dam/creative-assets/video,"/content/dam/creative-assets/video/sunday-sky, (crxde, html, json)"
"/content/dam/fragments/contacts/long-term-care, (crxde, html, json)",long-term-care,3,/content/dam/fragments/contacts,"/content/dam/fragments/contacts/long-term-care, (crxde, html, json)"
"/content/dam/fragments/contacts/individual, (crxde, html, json)",individual,3,/content/dam/fragments/contacts,"/content/dam/fragments/contacts/individual, (crxde, html, json)"
"/content/dam/fragments/contacts/securianfunds, (crxde, html, json)",securianfunds,3,/content/dam/fragments/contacts,"/content/dam/fragments/contacts/securianfunds, (crxde, html, json)"
"/content/dam/fragments/contacts/promo, (crxde, html, json)",promo,3,/content/dam/fragments/contacts,"/content/dam/fragments/contacts/promo, (crxde, html, json)"
"/content/dam/fragments/events/sync/ai-events, (crxde, html, json)",ai-events,4,/content/dam/fragments/events/sync,"/content/dam/fragments/events/sync/ai-events, (crxde, html, json)"
"/content/dam/fragments/contacts/sync/quoted, (crxde, html, json)",quoted,4,/content/dam/fragments/contacts/sync,"/content/dam/fragments/contacts/sync/quoted, (crxde, html, json)"
"/content/dam/fragments/contacts/advisor-contacts, (crxde, html, json)",advisor-contacts,3,/content/dam/fragments/contacts,"/content/dam/fragments/contacts/advisor-contacts, (crxde, html, json)"
"/content/dam/fragments/contacts/securian, (crxde, html, json)",securian,3,/content/dam/fragments/contacts,"/content/dam/fragments/contacts/securian, (crxde, html, json)"
"/content/dam/fragments/contacts/brand, (crxde, html, json)",brand,3,/content/dam/fragments/contacts,"/content/dam/fragments/contacts/brand, (crxde, html, json)"
"/content/dam/fragments/contacts/irs, (crxde, html, json)",irs,3,/content/dam/fragments/contacts,"/content/dam/fragments/contacts/irs, (crxde, html, json)"
"/content/dam/securian/advisor, (crxde, html, json)",advisor,2,/content/dam/securian,"/content/dam/securian/advisor, (crxde, html, json)"
"/content/dam/securian/promo, (crxde, html, json)",promo,2,/content/dam/securian,"/content/dam/securian/promo, (crxde, html, json)"
"/content/dam/fragments/events/securian/distributors, (crxde, html, json)",distributors,4,/content/dam/fragments/events/securian,"/content/dam/fragments/events/securian/distributors, (crxde, html, json)"
"/content/dam/fragments/events/securian, (crxde, html, json)",securian,3,/content/dam/fragments/events,"/content/dam/fragments/events/securian, (crxde, html, json)"
"/content/dam/securian/securiancanada-ca, (crxde, html, json)",securiancanada-ca,2,/content/dam/securian,"/content/dam/securian/securiancanada-ca, (crxde, html, json)"
"/content/dam/securian/securian-com, (crxde, html, json)",securian-com,2,/content/dam/securian,"/content/dam/securian/securian-com, (crxde, html, json)"
